{"max_depth": 4, "n_estimators": 2656, "learning_rate": 0.04147312553778257, "subsample": 0.5866351084656516, "colsample_bytree": 0.9288847522314858, "alpha": 0.046683965340491636, "lambda": 0.003050606842292478}